City_ID,City,Lat,Lng,Max Temp,Humidity,Cloudiness,Wind Speed,Country,Date
0,Punta Arenas,-53.15,-70.9167,59.02,41,75,36.82,CL,2021-12-03 17:03:57
1,Fortuna,40.5982,-124.1573,45.52,100,75,8.05,US,2021-12-03 17:03:58
2,Litovko,49.2361,135.1742,-15.25,100,49,1.79,RU,2021-12-03 17:03:58
3,Pisco,-13.7,-76.2167,71.65,73,0,6.91,PE,2021-12-03 17:03:58
4,Loudi,27.7344,111.9944,50.47,45,32,1.74,CN,2021-12-03 17:03:59
5,Bluff,-46.6,168.3333,58.8,95,79,6.08,NZ,2021-12-03 17:03:59
6,Carnarvon,-24.8667,113.6333,71.67,83,0,19.57,AU,2021-12-03 17:03:59
7,Qaanaaq,77.484,-69.3632,12.97,95,100,2.98,GL,2021-12-03 17:04:00
8,Castro,-24.7911,-50.0119,75.2,56,79,4.21,BR,2021-12-03 17:01:10
9,Leningradskiy,69.3833,178.4167,11.84,82,81,11.9,RU,2021-12-03 17:04:00
10,Coquimbo,-29.9533,-71.3436,65.93,68,20,11.5,CL,2021-12-03 17:04:00
11,Busselton,-33.65,115.3333,56.05,68,0,14.32,AU,2021-12-03 17:04:01
12,Puerto Ayora,-0.7393,-90.3518,76.96,78,82,10.65,EC,2021-12-03 17:04:01
13,Mataura,-46.1927,168.8643,58.48,100,86,2.01,NZ,2021-12-03 17:03:02
14,Rikitea,-23.1203,-134.9692,76.15,76,6,15.61,PF,2021-12-03 17:04:02
15,New Norfolk,-42.7826,147.0587,55.92,58,56,5.01,AU,2021-12-03 17:04:02
16,Yellowknife,62.456,-114.3525,-2.58,87,100,11.99,CA,2021-12-03 17:02:03
17,Thohoyandou,-22.9456,30.485,85.87,31,5,4.72,ZA,2021-12-03 17:04:02
18,Sao Borja,-28.6606,-56.0044,88.95,28,3,7.02,BR,2021-12-03 17:04:03
19,Visby,57.6409,18.296,30.42,80,75,8.05,SE,2021-12-03 17:04:03
20,Linshui,36.4247,114.2047,43.74,33,0,3.94,CN,2021-12-03 17:04:03
21,Takoradi,4.8845,-1.7554,83.08,72,75,9.91,GH,2021-12-03 17:04:04
22,Barrow,71.2906,-156.7887,-18.38,69,90,23.02,US,2021-12-03 17:04:04
23,Ushuaia,-54.8,-68.3,54.77,52,87,12.33,AR,2021-12-03 17:01:03
24,Arraial Do Cabo,-22.9661,-42.0278,78.66,65,20,16.11,BR,2021-12-03 17:04:04
25,Geraldton,-28.7667,114.6,68.41,77,0,14.97,AU,2021-12-03 17:04:05
26,Guerrero Negro,27.9769,-114.0611,67.51,65,10,10.89,MX,2021-12-03 17:04:05
27,Bilibino,68.0546,166.4372,-16.56,98,100,11.68,RU,2021-12-03 17:04:05
28,Narsaq,60.9167,-46.05,17.82,66,25,9.04,GL,2021-12-03 17:03:12
29,Jumla,29.2747,82.1838,43.0,88,62,4.83,NP,2021-12-03 17:04:06
30,Butaritari,3.0707,172.7902,82.15,69,51,15.05,KI,2021-12-03 17:04:06
31,Muli,2.9167,73.5667,82.78,75,7,8.01,MV,2021-12-03 17:04:06
32,Mackenzie,55.2999,-123.1698,9.36,97,62,3.2,CA,2021-12-03 17:00:33
33,Lazaro Cardenas,17.9583,-102.2,82.71,67,74,2.95,MX,2021-12-03 17:04:07
34,Hilo,19.7297,-155.09,73.8,94,7,1.99,US,2021-12-03 17:00:44
35,Welkom,-27.9864,26.7066,67.35,44,100,12.33,ZA,2021-12-03 17:04:07
36,High Level,58.5169,-117.136,-3.89,84,75,9.22,CA,2021-12-03 17:01:39
37,Victoria,22.2855,114.1577,66.18,37,14,1.99,HK,2021-12-03 16:59:59
38,Maracas,-13.4411,-40.4308,74.55,77,96,3.96,BR,2021-12-03 17:04:08
39,Hornepayne,49.2138,-84.7705,10.11,57,67,5.28,CA,2021-12-03 17:04:08
40,Skorping,56.8363,9.8926,33.91,100,100,10.13,DK,2021-12-03 17:04:08
41,Maragogi,-9.0122,-35.2225,86.43,59,33,14.03,BR,2021-12-03 17:04:09
42,Quatre Cocos,-20.2078,57.7625,75.09,79,31,11.1,MU,2021-12-03 17:04:09
43,Tasiilaq,65.6145,-37.6368,23.16,58,3,8.43,GL,2021-12-03 17:04:09
44,Hasaki,35.7333,140.8333,39.6,54,0,5.93,JP,2021-12-03 17:04:10
45,Proletarskiy,50.7914,35.7731,48.29,84,100,18.01,RU,2021-12-03 17:05:10
46,Upernavik,72.7868,-56.1549,16.52,83,100,7.4,GL,2021-12-03 17:05:10
47,Sajanan,37.0573,9.2426,50.41,76,96,30.22,TN,2021-12-03 17:05:11
48,Bredasdorp,-34.5322,20.0403,64.27,63,78,11.56,ZA,2021-12-03 17:05:11
49,Gallipoli,40.4103,26.6708,62.22,56,21,14.47,TR,2021-12-03 17:05:11
50,Hermanus,-34.4187,19.2345,67.89,69,37,13.71,ZA,2021-12-03 17:05:12
51,Peniche,39.3558,-9.3811,58.48,78,17,13.49,PT,2021-12-03 17:03:49
52,Maryville,35.7565,-83.9705,70.66,54,20,7.0,US,2021-12-03 17:05:12
53,Port Alfred,-33.5906,26.891,64.72,71,55,8.97,ZA,2021-12-03 17:05:12
54,Kapaa,22.0752,-159.319,75.18,86,75,1.99,US,2021-12-03 17:05:13
55,Sibolga,1.7427,98.7792,76.93,89,100,3.15,ID,2021-12-03 17:05:13
56,Monreal,12.644,123.6648,77.59,75,100,13.87,PH,2021-12-03 17:05:13
57,Naze,28.3667,129.4833,59.13,54,96,13.89,JP,2021-12-03 17:05:14
58,Ambon,-3.6954,128.1814,81.18,78,100,5.75,ID,2021-12-03 17:05:14
59,Huilong,31.8111,121.655,50.04,63,0,5.95,CN,2021-12-03 17:05:14
60,Sovetskiy,61.3614,63.5842,15.04,88,92,7.96,RU,2021-12-03 17:05:15
61,Albany,42.6001,-73.9662,37.67,58,46,7.0,US,2021-12-03 17:03:09
62,Ponta Do Sol,32.6667,-17.1,67.12,51,71,9.46,PT,2021-12-03 17:05:15
63,Koumac,-20.5667,164.2833,77.68,83,98,2.17,NC,2021-12-03 17:05:15
64,Aksarka,66.5606,67.7975,-8.39,90,100,12.95,RU,2021-12-03 17:05:16
65,Dikson,73.5069,80.5464,-21.78,95,97,14.16,RU,2021-12-03 17:05:16
66,Am Timan,11.0297,20.2827,86.0,21,6,3.29,TD,2021-12-03 17:05:16
67,Benoy,8.9833,16.3199,86.0,24,16,3.29,TD,2021-12-03 17:05:16
68,Katsuura,35.1333,140.3,48.31,62,0,8.59,JP,2021-12-03 17:05:17
69,Iqaluit,63.7506,-68.5145,9.7,72,22,4.0,CA,2021-12-03 17:02:03
70,Mecca,21.4267,39.8261,77.36,51,4,2.86,SA,2021-12-03 17:05:17
71,Meulaboh,4.1363,96.1285,77.29,86,100,3.09,ID,2021-12-03 17:05:17
72,Coihaique,-45.5752,-72.0662,65.01,42,20,8.05,CL,2021-12-03 17:03:34
73,Port Hedland,-20.3167,118.5667,84.25,65,8,13.8,AU,2021-12-03 17:05:18
74,Fort Nelson,58.8053,-122.7002,-17.55,100,100,2.75,CA,2021-12-03 17:05:18
75,Vila Velha,-20.3297,-40.2925,76.95,85,75,4.0,BR,2021-12-03 17:05:18
76,Paralimni,35.0375,33.9833,64.11,65,100,3.0,CY,2021-12-03 17:05:19
77,Tuatapere,-46.1333,167.6833,58.82,98,77,3.36,NZ,2021-12-03 17:05:19
78,Ostersund,63.1792,14.6357,10.85,100,90,0.0,SE,2021-12-03 17:00:57
79,Cortez,37.3489,-108.5859,53.42,34,20,1.79,US,2021-12-03 17:05:20
80,Namie,37.4833,141.0,44.55,78,0,6.46,JP,2021-12-03 17:05:20
81,Jamestown,42.097,-79.2353,36.99,82,90,5.01,US,2021-12-03 17:05:20
82,Labrea,-7.2586,-64.7981,82.94,82,96,3.29,BR,2021-12-03 17:05:21
83,Bengkulu,-3.8004,102.2655,77.27,89,100,4.61,ID,2021-12-03 17:05:21
84,Vaini,-21.2,-175.2,73.56,100,40,5.75,TO,2021-12-03 17:05:21
85,Ginir,7.1333,40.7,58.44,54,5,3.65,ET,2021-12-03 17:02:18
86,Christchurch,-43.5333,172.6333,68.02,76,90,2.3,NZ,2021-12-03 17:05:22
87,Mar Del Plata,-38.0023,-57.5575,65.08,92,100,1.99,AR,2021-12-03 17:05:22
88,Araouane,18.9048,-3.5265,81.23,11,63,10.22,ML,2021-12-03 17:05:22
89,Bethel,41.3712,-73.414,45.57,51,1,4.0,US,2021-12-03 17:05:23
90,Hobart,-42.8794,147.3294,56.26,63,90,1.01,AU,2021-12-03 17:05:23
91,Norman Wells,65.282,-126.8329,-27.36,68,40,2.3,CA,2021-12-03 17:05:23
92,Kaeo,-35.1,173.7833,65.32,92,100,8.72,NZ,2021-12-03 17:04:42
93,Lompoc,34.6391,-120.4579,55.13,96,90,4.61,US,2021-12-03 17:06:24
94,Raymond,43.9015,-70.4703,38.28,56,7,12.46,US,2021-12-03 17:06:24
95,Tiksi,71.6872,128.8694,-33.09,99,61,4.9,RU,2021-12-03 17:06:24
96,Ribeira Grande,38.5167,-28.7,68.4,73,75,13.8,PT,2021-12-03 17:06:25
97,Tiarei,-17.5333,-149.3333,80.62,72,35,20.89,PF,2021-12-03 17:06:25
98,Bambous Virieux,-20.3428,57.7575,75.22,80,27,10.29,MU,2021-12-03 17:06:25
99,Muros,42.7762,-9.0603,56.98,93,99,12.5,ES,2021-12-03 17:02:17
100,Kavaratti,10.5669,72.642,81.95,73,28,3.0,IN,2021-12-03 17:06:26
101,Zhigansk,66.7697,123.3711,-42.3,98,82,8.39,RU,2021-12-03 17:06:26
102,College,64.8569,-147.8028,-20.42,73,1,0.0,US,2021-12-03 17:03:28
103,Murphy,33.0151,-96.6131,69.98,92,90,1.01,US,2021-12-03 17:06:27
104,Katherine,-14.4667,132.2667,86.32,62,81,8.05,AU,2021-12-03 17:06:27
105,Aksu,41.1231,80.2644,27.9,45,44,0.34,CN,2021-12-03 17:06:27
106,Prince Rupert,54.3161,-130.3201,37.49,87,90,9.22,CA,2021-12-03 17:06:27
107,Kozmodemyansk,56.3367,46.5711,34.63,94,100,9.1,RU,2021-12-03 17:06:28
108,Boyolangu,-8.1181,111.8935,76.39,92,51,2.55,ID,2021-12-03 17:06:28
109,Bollnas,61.3482,16.3946,18.12,98,97,2.73,SE,2021-12-03 17:06:28
110,Channel-Port Aux Basques,47.5702,-59.1367,46.92,98,100,23.78,CA,2021-12-03 17:06:29
111,Kaitangata,-46.2817,169.8464,56.37,99,54,2.04,NZ,2021-12-03 17:05:54
112,Severo-Kurilsk,50.6789,156.125,39.02,85,76,17.05,RU,2021-12-03 17:06:29
113,Doha,25.2867,51.5333,71.58,56,0,13.8,QA,2021-12-03 17:06:29
114,Micheweni,-4.9667,39.8333,79.93,74,24,7.38,TZ,2021-12-03 17:06:30
115,Saskylakh,71.9167,114.0833,-30.82,98,97,6.71,RU,2021-12-03 17:06:30
116,Natal,-5.795,-35.2094,90.25,58,40,16.11,BR,2021-12-03 17:06:27
117,Georgetown,5.4112,100.3354,79.9,81,20,4.61,MY,2021-12-03 17:04:18
118,Tooele,40.5308,-112.2983,51.64,81,1,5.75,US,2021-12-03 17:06:31
119,Tuktoyaktuk,69.4541,-133.0374,-18.04,95,99,13.49,CA,2021-12-03 17:06:31
120,Nikolskoye,59.7035,30.7861,22.01,95,100,8.16,RU,2021-12-03 17:06:31
121,Kloulklubed,7.0419,134.2556,77.5,78,100,20.24,PW,2021-12-03 17:06:32
122,Cape Town,-33.9258,18.4232,68.11,56,11,3.0,ZA,2021-12-03 17:03:53
123,Belluno,46.145,12.2214,40.5,98,18,1.01,IT,2021-12-03 17:06:32
124,Sao Joao Da Barra,-21.6403,-41.0511,77.09,69,81,11.95,BR,2021-12-03 17:06:32
125,Pevek,69.7008,170.3133,0.43,95,100,22.26,RU,2021-12-03 17:06:33
126,Kisangani,0.5167,25.2,75.99,82,99,1.12,CD,2021-12-03 17:06:33
127,Swan Hill,-35.3378,143.5544,57.29,54,14,10.76,AU,2021-12-03 17:06:33
128,Ponta Delgada,37.7333,-25.6667,65.5,94,75,5.75,PT,2021-12-03 17:06:34
129,Kodiak,57.79,-152.4072,6.31,85,1,6.91,US,2021-12-03 17:06:34
130,Marsh Harbour,26.5412,-77.0636,73.9,62,58,11.48,BS,2021-12-03 17:05:30
131,Bontang,0.1333,117.5,77.65,90,81,4.38,ID,2021-12-03 17:06:35
132,Kavieng,-2.5744,150.7967,81.81,76,19,6.2,PG,2021-12-03 17:06:35
133,Cidreira,-30.1811,-50.2056,71.24,67,49,17.02,BR,2021-12-03 17:06:35
134,Merke,42.8728,73.1786,45.54,69,100,1.95,KZ,2021-12-03 17:06:35
135,Broken Hill,-31.95,141.4333,67.19,32,100,16.62,AU,2021-12-03 17:03:30
136,Kudahuvadhoo,2.6708,72.8944,82.71,76,7,7.18,MV,2021-12-03 17:07:36
137,Rjukan,59.8789,8.5941,19.71,96,100,3.8,NO,2021-12-03 17:07:36
138,Sobolevo,54.4299,31.8996,28.83,88,100,12.28,RU,2021-12-03 17:07:37
139,Picos,-7.0769,-41.4669,102.34,22,94,3.27,BR,2021-12-03 17:03:37
140,Honiara,-9.4333,159.95,77.34,86,76,2.73,SB,2021-12-03 17:07:37
141,Lata,40.1629,-8.3327,54.81,86,1,3.76,PT,2021-12-03 17:07:38
142,General Roca,-39.0333,-67.5833,73.62,23,97,13.76,AR,2021-12-03 17:07:38
143,Namibe,-15.1961,12.1522,74.53,64,7,11.25,AO,2021-12-03 17:07:38
144,Ahuimanu,21.4447,-157.8378,73.11,86,75,5.75,US,2021-12-03 17:07:39
145,Puquio,-14.7,-74.1333,64.71,40,51,12.59,PE,2021-12-03 17:07:39
146,Port-Gentil,-0.7193,8.7815,81.01,77,99,10.78,GA,2021-12-03 17:07:39
147,Bellavista,-7.0561,-76.5911,94.28,62,20,4.61,PE,2021-12-03 17:07:40
148,Longyearbyen,78.2186,15.6401,33.64,75,40,18.41,SJ,2021-12-03 17:07:40
149,Esperance,-33.8667,121.9,57.47,79,1,13.02,AU,2021-12-03 17:07:40
150,Atuona,-9.8,-139.0333,78.08,75,16,20.38,PF,2021-12-03 17:07:41
151,Tongliao,43.6125,122.2653,5.47,91,19,4.47,CN,2021-12-03 17:07:41
152,El Seibo,18.7641,-69.0375,87.33,64,22,9.73,DO,2021-12-03 17:07:41
153,Saint Anthony,45.0205,-93.218,41.14,91,90,1.01,US,2021-12-03 17:07:42
154,Payo,-3.7508,103.6372,73.44,99,98,2.55,ID,2021-12-03 17:07:42
155,West Wendover,40.7391,-114.0733,33.01,75,1,0.0,US,2021-12-03 17:07:42
156,Cabo San Lucas,22.8909,-109.9124,83.52,62,1,4.61,MX,2021-12-03 17:07:32
157,Kitui,-1.367,38.0106,67.82,78,94,2.93,KE,2021-12-03 17:07:43
158,Sjenica,43.2731,19.9994,29.71,98,100,3.74,RS,2021-12-03 17:07:43
159,Lasa,46.6166,10.7002,31.91,51,20,3.51,IT,2021-12-03 17:07:43
160,Paris,48.8534,2.3488,41.7,96,90,1.99,FR,2021-12-03 17:05:38
161,Praia Da Vitoria,38.7333,-27.0667,67.75,72,14,5.03,PT,2021-12-03 17:07:44
162,Itaituba,-4.2761,-55.9836,77.41,85,100,2.82,BR,2021-12-03 17:07:44
163,Conde,-7.2597,-34.9075,85.46,66,75,12.66,BR,2021-12-03 17:07:44
164,Rorvik,64.8621,11.2373,21.18,67,3,31.94,NO,2021-12-03 17:03:10
165,Hovd,48.0056,91.6419,16.36,55,43,1.63,MN,2021-12-03 17:04:40
166,Albanel,48.8832,-72.4487,15.37,77,70,14.2,CA,2021-12-03 17:07:45
167,Semporna,4.4818,118.6112,79.29,88,100,9.57,MY,2021-12-03 17:07:45
168,Sao Filipe,14.8961,-24.4956,76.35,68,31,12.55,CV,2021-12-03 17:07:45
169,Nome,64.5011,-165.4064,3.27,85,90,27.63,US,2021-12-03 17:07:46
170,Tabuk,17.4189,121.4443,66.87,84,93,5.66,PH,2021-12-03 17:07:46
171,Evensk,61.95,159.2333,-14.55,76,82,8.39,RU,2021-12-03 17:07:46
172,Bafoulabe,13.8065,-10.8321,100.44,9,41,6.51,ML,2021-12-03 17:07:47
173,Olafsvik,64.8945,-23.7142,36.28,68,100,7.14,IS,2021-12-03 17:07:47
174,East London,-33.0153,27.9116,66.15,67,80,5.88,ZA,2021-12-03 17:07:47
175,Kahului,20.8947,-156.47,73.42,88,90,10.36,US,2021-12-03 17:07:48
176,Mormugao,15.4,73.8,79.86,89,40,0.0,IN,2021-12-03 17:07:48
177,Aklavik,68.2191,-135.0107,-30.53,88,17,4.47,CA,2021-12-03 17:07:48
178,Camocim,-2.9022,-40.8411,90.7,55,54,16.4,BR,2021-12-03 17:07:49
179,Bom Jardim,-7.7958,-35.5872,93.76,31,70,10.2,BR,2021-12-03 17:07:49
180,Lagoa,39.05,-27.9833,63.64,79,0,11.59,PT,2021-12-03 17:08:49
181,Meadow Lake,34.8014,-106.5436,60.66,34,63,4.97,US,2021-12-03 17:05:25
182,Griffith,41.5284,-87.4237,52.14,53,40,1.99,US,2021-12-03 17:08:50
183,Kotaparh,19.15,82.35,62.91,74,100,6.62,IN,2021-12-03 17:08:50
184,Wanning,18.8003,110.3967,61.99,58,7,7.7,CN,2021-12-03 17:08:50
185,Quepos,9.4236,-84.1652,92.5,70,56,5.7,CR,2021-12-03 17:08:51
186,Sambava,-14.2667,50.1667,77.67,83,1,9.64,MG,2021-12-03 17:08:51
187,Emba,48.8264,58.1442,28.65,88,47,8.5,KZ,2021-12-03 17:08:51
188,Chuy,-33.6971,-53.4616,69.08,67,88,12.15,UY,2021-12-03 17:08:52
189,Awjilah,29.1081,21.2869,66.52,28,100,11.77,LY,2021-12-03 17:08:52
190,Saint George,37.1041,-113.5841,62.35,42,1,0.0,US,2021-12-03 17:08:52
191,Gavle,60.6745,17.1417,22.5,87,95,5.01,SE,2021-12-03 17:08:52
192,Torres,-29.3353,-49.7269,70.83,68,88,10.89,BR,2021-12-03 17:04:45
193,Sinnamary,5.3833,-52.95,82.47,72,73,7.47,GF,2021-12-03 17:08:53
194,Uyemskiy,64.4743,40.8524,-2.15,78,0,2.24,RU,2021-12-03 17:08:53
195,Sakaiminato,35.55,133.2333,49.05,57,98,17.87,JP,2021-12-03 17:08:53
196,Bilma,18.6853,12.9164,76.37,14,32,6.91,NE,2021-12-03 17:08:54
197,Hobyo,5.3505,48.5268,79.65,67,2,16.49,SO,2021-12-03 17:08:54
198,Faanui,-16.4833,-151.75,81.1,70,97,21.45,PF,2021-12-03 17:08:54
199,Provideniya,64.3833,-173.3,29.89,98,100,5.35,RU,2021-12-03 17:08:55
200,Talcahuano,-36.7167,-73.1167,65.88,48,0,12.66,CL,2021-12-03 17:08:55
201,Verkhoyansk,67.5447,133.385,-42.61,100,94,0.78,RU,2021-12-03 17:08:55
202,Port Elizabeth,-33.918,25.5701,65.1,71,80,8.5,ZA,2021-12-03 17:04:36
203,Thompson,55.7435,-97.8558,0.55,92,100,7.74,CA,2021-12-03 17:08:56
204,Muroto,33.2833,134.15,53.96,69,4,16.13,JP,2021-12-03 17:08:56
205,Khatanga,71.9667,102.5,-19.8,99,100,13.56,RU,2021-12-03 17:08:56
206,Homer,59.6425,-151.5483,9.03,85,1,3.44,US,2021-12-03 17:08:57
207,Pietarsaari,63.65,22.6833,22.89,86,100,12.15,FI,2021-12-03 17:08:57
208,Kiama,-34.6833,150.8667,65.37,92,100,1.99,AU,2021-12-03 17:08:57
209,Yerbogachen,61.2767,108.0108,28.4,83,100,14.0,RU,2021-12-03 17:08:58
210,Port Macquarie,-31.4333,152.9167,64.36,94,19,0.0,AU,2021-12-03 17:08:58
211,Yarmouth,41.7057,-70.2286,45.01,50,75,12.66,US,2021-12-03 17:08:59
212,Marquard,-28.6645,27.4305,66.24,54,100,16.87,ZA,2021-12-03 17:08:59
213,Miri,4.4148,114.0089,77.02,94,100,10.83,MY,2021-12-03 17:08:59
214,Ancud,-41.8697,-73.8203,63.93,60,1,8.72,CL,2021-12-03 17:09:00
215,Mana,5.6592,-53.7767,82.38,72,55,7.43,GF,2021-12-03 17:09:00
216,Luderitz,-26.6481,15.1594,63.5,80,65,5.39,NA,2021-12-03 17:09:00
217,Constitucion,-35.3333,-72.4167,63.82,58,9,12.21,CL,2021-12-03 17:06:32
218,Pochutla,15.7432,-96.4661,89.82,44,0,5.37,MX,2021-12-03 17:09:01
219,Poronaysk,49.2167,143.1167,20.48,92,100,16.04,RU,2021-12-03 17:09:01
220,Beloha,-25.1667,45.05,77.14,61,0,8.19,MG,2021-12-03 17:09:01
221,Hithadhoo,-0.6,73.0833,81.36,79,18,9.33,MV,2021-12-03 17:09:02
222,Lavrentiya,65.5833,-171.0,11.5,94,100,18.63,RU,2021-12-03 17:09:02
223,Manokwari,-0.8667,134.0833,78.82,80,100,6.96,ID,2021-12-03 17:09:02
224,Avarua,-21.2078,-159.775,77.05,78,75,12.66,CK,2021-12-03 17:09:03
225,Mount Isa,-20.7333,139.5,85.77,26,100,5.75,AU,2021-12-03 17:06:56
226,Ocosingo,17.0667,-92.25,67.84,53,13,3.98,MX,2021-12-03 17:10:03
227,Churapcha,62.0025,132.4325,-42.48,100,100,2.91,RU,2021-12-03 17:10:04
228,Moose Factory,51.2585,-80.6094,6.82,74,69,11.05,CA,2021-12-03 17:10:04
229,Vieux Fort,13.7167,-60.95,85.77,73,83,15.46,LC,2021-12-03 17:10:04
230,Chicla,-11.705,-76.2686,47.35,82,97,5.93,PE,2021-12-03 17:10:05
231,Eureka,40.8021,-124.1637,45.79,78,68,1.45,US,2021-12-03 17:10:05
232,Merrill,45.1805,-89.6835,33.57,96,90,0.0,US,2021-12-03 17:10:05
233,Smidovich,48.6,133.8167,-17.45,99,59,3.15,RU,2021-12-03 17:10:06
234,Bangalore,12.9762,77.6033,71.42,94,75,0.0,IN,2021-12-03 17:06:03
235,Sayyan,15.1718,44.3244,52.0,24,0,3.71,YE,2021-12-03 17:10:06
236,Guaruja,-23.9931,-46.2564,85.91,26,56,1.01,BR,2021-12-03 17:10:06
237,Grecesti,44.45,23.2833,40.44,88,100,13.4,RO,2021-12-03 17:10:07
238,Chokurdakh,70.6333,147.9167,-18.44,93,100,15.73,RU,2021-12-03 17:10:07
239,Avera,33.194,-82.5271,74.08,36,3,5.41,US,2021-12-03 17:10:07
240,Saldanha,-33.0117,17.9442,63.3,74,28,26.08,ZA,2021-12-03 17:10:07
241,Vila Franca Do Campo,37.7167,-25.4333,65.19,71,16,3.62,PT,2021-12-03 17:10:08
242,Svetlogorsk,52.6333,29.7333,28.89,90,96,9.64,BY,2021-12-03 17:10:08
243,Saint-Philippe,-21.3585,55.7679,78.39,85,32,9.66,RE,2021-12-03 17:10:08
244,Fairbanks,64.8378,-147.7164,-20.4,73,1,0.0,US,2021-12-03 17:05:49
245,Talara,-4.5772,-81.2719,77.76,65,0,14.97,PE,2021-12-03 17:10:09
246,Monroe,43.1501,-77.6831,36.36,70,90,10.36,US,2021-12-03 17:05:32
247,Comodoro Rivadavia,-45.8667,-67.5,69.66,28,20,16.11,AR,2021-12-03 17:10:09
248,Barabinsk,55.3571,78.357,20.93,89,23,14.72,RU,2021-12-03 17:10:10
249,Charters Towers,-20.1,146.2667,76.69,77,43,7.34,AU,2021-12-03 17:10:10
250,Mount Gambier,-37.8333,140.7667,54.09,65,74,7.72,AU,2021-12-03 17:10:10
251,Beisfjord,68.3751,17.5988,23.05,84,100,9.66,NO,2021-12-03 17:10:11
252,Imbituba,-28.24,-48.6703,73.29,64,91,7.63,BR,2021-12-03 17:10:11
253,Haines Junction,60.7522,-137.5108,-9.33,99,100,2.42,CA,2021-12-03 17:10:11
254,Bissora,12.2231,-15.4475,99.23,16,34,4.32,GW,2021-12-03 17:10:11
255,Solwezi,-12.1688,26.3894,71.55,60,41,4.23,ZM,2021-12-03 17:10:12
256,Raska,43.2872,20.6153,35.11,99,100,3.24,RS,2021-12-03 17:10:12
257,Portland,45.5234,-122.6762,41.9,93,90,1.99,US,2021-12-03 17:10:12
258,Cherskiy,68.75,161.3,-8.99,97,100,16.53,RU,2021-12-03 17:10:13
259,Bulgan,48.8125,103.5347,19.63,40,17,3.91,MN,2021-12-03 17:10:13
260,Lorengau,-2.0226,147.2712,81.81,79,17,7.67,PG,2021-12-03 17:10:13
261,Baoding,38.8511,115.4903,39.76,42,0,2.98,CN,2021-12-03 17:10:14
262,Keflavik,64.0049,-22.5624,30.63,93,40,12.66,IS,2021-12-03 17:10:14
263,Nuuk,64.1835,-51.7216,27.21,50,40,11.5,GL,2021-12-03 17:10:14
264,Nibe,56.9815,9.6392,34.16,93,90,10.36,DK,2021-12-03 17:10:15
265,Coos Bay,43.3665,-124.2179,47.01,93,1,6.91,US,2021-12-03 17:10:15
266,Port Moresby,-9.4431,147.1797,77.25,87,100,3.15,PG,2021-12-03 17:10:15
267,Bamberg,49.8795,10.8863,34.11,91,98,7.87,DE,2021-12-03 17:10:16
268,Huarmey,-10.0681,-78.1522,73.06,72,60,10.29,PE,2021-12-03 17:10:16
269,Port Lincoln,-34.7333,135.8667,54.84,77,37,11.63,AU,2021-12-03 17:10:16
270,Bima,-8.4667,118.7167,77.0,95,97,1.79,ID,2021-12-03 17:10:17
271,Svetlyy,54.675,20.1347,32.05,72,96,9.51,RU,2021-12-03 17:10:17
272,Camacha,33.0833,-16.3333,62.53,63,75,12.66,PT,2021-12-03 17:10:17
273,Oberstdorf,47.4,10.2833,28.92,86,54,7.43,DE,2021-12-03 17:11:18
274,Ouesso,1.6136,16.0517,77.58,70,86,2.48,CG,2021-12-03 17:11:18
275,Erenhot,43.6475,111.9767,24.13,50,0,7.83,CN,2021-12-03 17:11:18
276,Neiafu,-18.65,-173.9833,74.08,94,20,0.0,TO,2021-12-03 17:11:19
277,Suntar,62.1444,117.6319,1.4,96,100,9.4,RU,2021-12-03 17:11:19
278,Port Said,31.2565,32.2841,67.66,56,100,11.25,EG,2021-12-03 17:11:19
279,Dodge City,37.7528,-100.0171,56.71,53,1,1.99,US,2021-12-03 17:11:20
280,Codrington,-38.2667,141.9667,54.09,72,95,11.12,AU,2021-12-03 17:11:20
281,Los Llanos De Aridane,28.6585,-17.9182,64.15,72,75,3.0,ES,2021-12-03 17:11:20
282,Hami,42.8,93.45,25.16,60,0,3.22,CN,2021-12-03 17:11:20
283,Abatskoye,56.2875,70.4555,23.38,90,93,15.37,RU,2021-12-03 17:11:21
284,Saint-Pierre,-21.3393,55.4781,78.48,81,0,10.36,RE,2021-12-03 17:07:42
285,Nishihara,26.1842,127.7558,62.65,54,90,13.8,JP,2021-12-03 17:11:21
286,Asau,46.4333,26.4,36.75,79,100,3.47,RO,2021-12-03 17:11:22
287,Pacific Grove,36.6177,-121.9166,55.42,87,90,1.99,US,2021-12-03 17:11:22
288,Butte,39.6499,-121.5677,67.55,75,1,0.0,US,2021-12-03 17:11:22
289,Halifax,44.6453,-63.5724,44.22,83,75,11.01,CA,2021-12-03 17:06:49
290,Poum,-20.2333,164.0167,78.67,81,100,14.7,NC,2021-12-03 17:11:23
291,Hirara,24.8,125.2833,65.97,53,20,20.13,JP,2021-12-03 17:11:23
292,Ostrovnoy,68.0531,39.5131,21.94,65,100,10.89,RU,2021-12-03 17:11:23
293,Muscatine,41.4667,-91.1335,51.89,42,1,1.01,US,2021-12-03 17:11:23
294,Atlantis,-33.5667,18.4834,66.18,61,21,15.77,ZA,2021-12-03 17:06:47
295,Rio Gallegos,-51.6226,-69.2181,66.25,26,0,25.32,AR,2021-12-03 17:09:54
296,Kalmunai,7.4167,81.8167,79.07,80,62,2.48,LK,2021-12-03 17:11:24
297,Gafanha Da Encarnacao,40.6181,-8.733,56.77,82,9,4.43,PT,2021-12-03 17:11:24
298,Ormara,25.2088,64.6357,75.47,49,0,7.11,PK,2021-12-03 17:11:25
299,Mattru,7.6244,-11.8332,80.35,80,94,6.53,SL,2021-12-03 17:08:11
300,Onega,63.9061,38.1404,5.99,87,79,6.71,RU,2021-12-03 17:11:25
301,Batagay-Alyta,67.8006,130.4114,-40.38,93,9,3.98,RU,2021-12-03 17:11:25
302,Cukai,4.25,103.4167,74.43,92,100,7.87,MY,2021-12-03 17:08:08
303,Airai,-8.9266,125.4092,62.87,88,100,0.38,TL,2021-12-03 17:11:26
304,Laguna,38.421,-121.4238,67.84,99,90,0.0,US,2021-12-03 17:11:26
305,Kholmy,51.871,32.6006,32.29,97,100,9.51,UA,2021-12-03 17:10:15
306,Souillac,-20.5167,57.5167,75.36,80,26,10.38,MU,2021-12-03 17:11:27
307,Manyana,-23.4,21.7167,84.38,33,54,15.7,BW,2021-12-03 17:11:27
308,Chapais,49.7834,-74.8492,6.58,88,100,10.96,CA,2021-12-03 17:11:27
309,Maple Creek,49.9168,-109.4848,29.57,45,88,5.61,CA,2021-12-03 17:11:28
310,Isangel,-19.55,169.2667,75.38,80,98,7.61,VU,2021-12-03 17:11:28
311,Egvekinot,66.3167,-179.1667,24.39,98,100,10.4,RU,2021-12-03 17:11:28
312,Dzerzhinskoye,56.8344,95.2283,35.2,76,100,16.87,RU,2021-12-03 17:11:28
313,Vardo,70.3705,31.1107,30.18,51,75,8.05,NO,2021-12-03 17:11:29
314,Grand Gaube,-20.0064,57.6608,75.38,85,8,1.99,MU,2021-12-03 17:11:29
315,Matara,5.9485,80.5353,77.79,87,79,3.42,LK,2021-12-03 17:11:29
316,Esik,43.3552,77.4525,33.22,51,100,5.75,KZ,2021-12-03 17:11:30
317,Cairns,-16.9167,145.7667,78.75,83,99,9.22,AU,2021-12-03 17:11:30
318,Amazar,53.858,120.875,-6.5,97,31,1.59,RU,2021-12-03 17:11:30
319,Clyde River,70.4692,-68.5914,10.63,92,96,6.91,CA,2021-12-03 17:12:31
320,Montrose,38.4166,-108.2673,43.14,33,0,2.08,US,2021-12-03 17:12:31
321,Rujewa,-8.7,34.3833,77.2,35,37,12.37,TZ,2021-12-03 17:12:31
322,Sioux Lookout,50.1001,-91.917,21.58,93,90,6.91,CA,2021-12-03 17:12:32
323,Henderson,36.0397,-114.9819,65.64,30,1,0.0,US,2021-12-03 17:12:32
324,Labuhan,-6.8844,112.2051,79.99,82,90,4.99,ID,2021-12-03 17:12:32
325,Berdigestyakh,62.0989,126.6992,-33.32,100,48,3.44,RU,2021-12-03 17:12:32
326,Birsk,55.4211,55.5428,32.77,96,100,14.45,RU,2021-12-03 17:12:33
327,Cayenne,4.9333,-52.3333,78.84,83,98,11.5,GF,2021-12-03 17:12:33
328,Olesno,50.877,18.4209,31.66,56,20,12.15,PL,2021-12-03 17:12:33
329,Sidney,-33.8679,151.2073,65.71,90,90,1.01,AU,2021-12-03 17:09:36
330,Balfour,-26.6633,28.5902,78.82,58,92,1.25,ZA,2021-12-03 17:09:26
331,Zhangjiakou,40.81,114.8794,28.69,48,0,3.71,CN,2021-12-03 17:12:34
332,Key West,24.5557,-81.7826,78.8,61,1,11.5,US,2021-12-03 17:08:55
333,Abu Dhabi,24.4667,54.3667,77.11,63,0,5.75,AE,2021-12-03 17:10:20
334,Santa Rosa,14.3122,121.1114,77.11,75,61,13.09,PH,2021-12-03 17:12:34
335,Tura,25.5198,90.2201,63.77,81,67,3.02,IN,2021-12-03 17:12:35
336,West Bay,19.3667,-81.4167,83.07,76,40,4.0,KY,2021-12-03 17:12:35
337,The Valley,18.217,-63.0578,87.66,70,40,11.5,AI,2021-12-03 17:12:35
338,Bedesa,8.9,40.7833,62.37,45,2,5.48,ET,2021-12-03 17:12:36
339,San Rafael,-34.6177,-68.3301,65.52,66,95,18.57,AR,2021-12-03 17:10:25
340,Rock Sound,24.9,-76.2,75.54,62,27,11.36,BS,2021-12-03 17:12:36
341,Salalah,17.0151,54.0924,78.89,61,0,3.44,OM,2021-12-03 17:12:37
342,Birao,10.2849,22.7882,82.31,24,15,6.11,CF,2021-12-03 17:12:37
343,Byron Bay,-28.65,153.6167,68.88,92,39,4.97,AU,2021-12-03 17:12:37
344,Batemans Bay,-35.7167,150.1833,64.09,89,100,1.77,AU,2021-12-03 17:12:38
345,Alofi,-19.0595,-169.9187,78.98,80,85,13.47,NU,2021-12-03 17:12:38
346,Ulvik,60.5672,6.9187,25.29,91,100,6.62,NO,2021-12-03 17:12:38
347,Bako,5.7833,36.5667,74.21,37,90,3.44,ET,2021-12-03 17:12:38
348,Morgantown,39.6295,-79.9559,47.62,67,90,0.0,US,2021-12-03 17:07:42
349,Antofagasta,-23.65,-70.4,72.21,57,5,9.91,CL,2021-12-03 17:12:39
350,Mehamn,71.0357,27.8492,24.98,73,0,6.91,NO,2021-12-03 17:12:39
351,Kerman,30.2832,57.0788,50.43,50,30,6.15,IR,2021-12-03 17:12:39
352,Sumenep,-7.0167,113.8667,78.69,88,67,2.44,ID,2021-12-03 17:12:40
353,Pokhara,28.2333,83.9833,60.87,79,60,4.41,NP,2021-12-03 17:12:40
354,Consett,54.854,-1.8316,41.83,89,100,5.28,GB,2021-12-03 17:12:40
355,Ixtapa,20.7,-105.2,79.83,69,1,0.0,MX,2021-12-03 17:12:41
356,Hudson Bay,52.85,-102.3842,20.23,82,99,14.12,CA,2021-12-03 17:12:41
357,Knysna,-34.0363,23.0471,64.26,68,98,6.29,ZA,2021-12-03 17:12:41
358,Te Anau,-45.4167,167.7167,56.44,98,100,1.01,NZ,2021-12-03 17:12:42
359,Flinders,-34.5833,150.8552,65.17,88,100,6.67,AU,2021-12-03 17:12:42
360,Richards Bay,-28.783,32.0377,70.47,79,99,6.29,ZA,2021-12-03 17:12:42
361,Husavik,66.0449,-17.3389,23.34,80,100,11.54,IS,2021-12-03 17:12:43
362,Luena,-11.7833,19.9167,71.76,63,67,3.76,AO,2021-12-03 17:13:43
363,Ubinskoye,55.3068,79.6802,20.93,89,9,14.29,RU,2021-12-03 17:13:43
364,Volovo,48.5246,23.5056,31.1,95,69,4.25,UA,2021-12-03 17:13:44
365,Nizhniy Tsasuchey,50.5167,115.1333,12.07,96,75,3.4,RU,2021-12-03 17:13:44
366,Ribeira Brava,32.65,-17.0667,67.12,51,72,10.74,PT,2021-12-03 17:13:44
367,Gavrilov Posad,56.5597,40.1175,31.89,98,100,7.74,RU,2021-12-03 17:13:45
368,Narrabri,-30.3167,149.7833,74.48,57,21,3.78,AU,2021-12-03 17:13:45
369,Mahebourg,-20.4081,57.7,75.25,80,22,10.07,MU,2021-12-03 17:13:45
370,Tinskoy,56.1525,96.9161,29.39,65,78,6.98,RU,2021-12-03 17:13:45
371,Bonavista,48.6499,-53.1147,50.11,95,100,36.37,CA,2021-12-03 17:13:46
372,Xuanhua,40.6103,115.0447,32.38,42,0,4.34,CN,2021-12-03 17:13:46
373,Brae,60.3964,-1.353,44.51,75,72,13.62,GB,2021-12-03 17:13:46
374,Port Blair,11.6667,92.75,79.7,83,10,7.72,IN,2021-12-03 17:13:47
375,Indramayu,-6.3264,108.32,82.53,79,99,12.64,ID,2021-12-03 17:13:47
376,Zeya,53.75,127.2667,-3.77,60,4,3.04,RU,2021-12-03 17:13:47
377,Sitia,35.2,26.0986,64.98,66,100,18.1,GR,2021-12-03 17:13:48
378,Padang,-0.9492,100.3543,78.85,79,100,4.12,ID,2021-12-03 17:13:48
379,Rabo De Peixe,37.8,-25.5833,64.27,98,75,5.75,PT,2021-12-03 17:13:48
380,Payson,40.0444,-111.7321,58.03,81,40,0.0,US,2021-12-03 17:13:49
381,Lebu,-37.6167,-73.65,58.08,63,0,17.69,CL,2021-12-03 17:13:49
382,Kamenka,51.3223,42.7678,42.75,90,100,17.67,RU,2021-12-03 17:12:04
383,Burnie,-41.0667,145.9167,53.6,72,69,13.38,AU,2021-12-03 17:13:49
384,Madinat Sittah Uktubar,29.8167,31.05,65.8,43,100,9.37,EG,2021-12-03 17:13:50
385,Margate,51.3813,1.3862,47.97,89,100,1.01,GB,2021-12-03 17:13:50
386,Beringovskiy,63.05,179.3167,28.45,80,80,17.63,RU,2021-12-03 17:13:50
387,Kuytun,54.3419,101.5036,7.36,94,30,4.45,RU,2021-12-03 17:13:51
388,Tessalit,20.1986,1.0114,79.3,12,9,10.18,ML,2021-12-03 17:13:51
389,Qeshm,26.9581,56.2719,76.87,66,0,23.13,IR,2021-12-03 17:13:51
390,Amapa,1.0,-52.0,85.73,58,99,2.98,BR,2021-12-03 17:13:51
391,Dwarka,22.2394,68.9678,75.13,53,0,11.83,IN,2021-12-03 17:13:52
392,Whitehorse,60.7161,-135.0538,0.1,100,99,2.68,CA,2021-12-03 17:12:48
393,Bambanglipuro,-7.95,110.2833,78.78,86,91,4.05,ID,2021-12-03 17:13:52
394,Gamba,-2.65,10.0,77.07,87,100,5.7,GA,2021-12-03 17:13:53
395,Pandharpur,17.6667,75.3333,74.14,79,13,4.79,IN,2021-12-03 17:13:53
396,Vikhorevka,56.1201,101.1636,31.59,87,80,4.56,RU,2021-12-03 17:13:53
397,Heihe,50.2441,127.4902,-1.61,81,0,8.39,CN,2021-12-03 17:13:54
398,Kununurra,-15.7667,128.7333,84.18,79,86,8.05,AU,2021-12-03 17:13:54
399,Hambantota,6.1241,81.1185,78.35,84,76,4.65,LK,2021-12-03 17:13:54
400,Coahuayana,18.7333,-103.6833,83.68,59,99,3.0,MX,2021-12-03 17:13:55
401,Bolong,7.0983,122.2392,78.44,87,100,8.55,PH,2021-12-03 17:13:55
402,Kuusamo,65.9667,29.1833,15.84,92,20,5.75,FI,2021-12-03 17:13:55
403,Presidencia Roque Saenz Pena,-26.7852,-60.4388,92.19,28,1,7.25,AR,2021-12-03 17:13:56
404,Honningsvag,70.9821,25.9704,24.55,80,40,6.91,NO,2021-12-03 17:13:56
405,Marquette,46.5333,-87.6335,29.82,74,100,4.83,US,2021-12-03 17:13:56
406,Bryan,30.6744,-96.37,71.65,86,90,4.61,US,2021-12-03 17:13:33
407,San Cristobal,7.7669,-72.225,80.78,39,42,6.2,VE,2021-12-03 17:14:57
408,Chizhou,30.6578,117.4831,45.68,43,50,3.22,CN,2021-12-03 17:14:57
409,Berlevag,70.8578,29.0864,24.75,74,75,6.91,NO,2021-12-03 17:14:57
410,Cansilayan,10.5598,123.0184,74.39,85,100,8.25,PH,2021-12-03 17:14:58
411,Oktyabrskoye,43.0645,44.7417,24.94,93,39,4.47,RU,2021-12-03 17:14:58
412,Nadym,65.5333,72.5167,-0.96,95,100,11.81,RU,2021-12-03 17:14:58
413,Tapes,-30.6733,-51.3958,72.97,63,43,15.77,BR,2021-12-03 17:14:59
414,Juli,-16.2167,-69.45,48.6,68,100,8.25,PE,2021-12-03 17:14:59
415,Puerto Carreno,6.189,-67.4859,91.35,43,78,6.6,CO,2021-12-03 17:14:12
416,Batamshinskiy,50.5594,58.2747,31.14,86,100,18.75,KZ,2021-12-03 17:14:59
417,Arroyo,41.6096,-4.7969,49.71,76,0,6.91,ES,2021-12-03 17:15:00
418,San-Pedro,4.7485,-6.6363,82.74,75,75,8.21,CI,2021-12-03 17:15:00
419,Baherden,38.4362,57.4316,43.27,90,100,4.14,TM,2021-12-03 17:15:00
420,Saint-Louis,16.3333,-15.0,93.22,8,100,10.49,SN,2021-12-03 17:15:01
421,Necochea,-38.5473,-58.7368,58.03,87,100,10.45,AR,2021-12-03 17:15:01
422,Poya,-21.35,165.15,75.99,83,99,4.03,NC,2021-12-03 17:15:01
423,Thaba-Tseka,-29.522,28.6084,61.41,50,100,6.51,LS,2021-12-03 17:15:01
424,Ourem,39.6417,-8.5919,54.84,79,0,7.76,PT,2021-12-03 17:15:02
425,Dargaville,-35.9333,173.8833,63.01,92,100,7.2,NZ,2021-12-03 17:15:02
426,Calama,-22.4667,-68.9333,75.69,11,20,18.41,CL,2021-12-03 17:15:02
427,Hays,30.0502,-98.0336,69.93,85,100,9.44,US,2021-12-03 17:15:03
428,Ouallam,14.3188,2.0866,89.78,11,76,7.87,NE,2021-12-03 17:15:03
429,Atambua,-9.1061,124.8925,75.85,85,100,2.42,ID,2021-12-03 17:15:03
430,Inhambane,-23.865,35.3833,80.58,89,40,18.41,MZ,2021-12-03 17:15:04
431,Talakan,50.3167,130.3667,-20.11,100,32,1.32,RU,2021-12-03 17:15:04
432,Pitimbu,-7.4706,-34.8086,86.59,69,87,11.77,BR,2021-12-03 17:15:04
433,Najran,17.4924,44.1277,61.66,22,2,4.52,SA,2021-12-03 17:15:05
434,Anahuac,27.2333,-100.15,76.5,50,21,8.08,MX,2021-12-03 17:15:05
435,Aleksandrov Gay,50.147,48.5704,39.56,74,100,16.22,RU,2021-12-03 17:15:05
436,Torbay,47.6666,-52.7314,49.75,97,90,34.52,CA,2021-12-03 17:15:06
437,Nara,34.6851,135.8049,52.88,75,76,2.77,JP,2021-12-03 17:11:24
438,Acajutla,13.5928,-89.8275,87.39,48,62,1.21,SV,2021-12-03 17:15:06
439,Inverell,-29.7833,151.1167,66.16,91,0,3.0,AU,2021-12-03 17:15:06
440,Faya,18.3851,42.4509,57.72,29,3,5.17,SA,2021-12-03 17:15:07
441,Sembakung,3.8167,117.25,80.53,99,100,4.36,ID,2021-12-03 17:15:07
442,Grandola,38.1772,-8.5668,56.5,64,0,6.22,PT,2021-12-03 17:15:07
443,Moses Lake,47.1301,-119.2781,39.88,80,1,5.75,US,2021-12-03 17:15:08
444,Springfield,37.2153,-93.2982,71.06,69,1,5.01,US,2021-12-03 17:10:24
445,El Alto,-4.2714,-81.2147,74.86,63,100,16.44,PE,2021-12-03 17:15:08
446,Plettenberg Bay,-34.0527,23.3716,62.1,72,95,6.24,ZA,2021-12-03 17:15:08
447,Deputatskiy,69.3,139.9,-27.31,91,100,6.22,RU,2021-12-03 17:15:09
448,Concordia,-31.393,-58.0209,82.47,42,0,12.66,AR,2021-12-03 17:15:09
449,Okhotsk,59.3833,143.3,-11.33,86,96,14.45,RU,2021-12-03 17:15:09
450,Dunedin,-45.8742,170.5036,57.9,98,62,4.41,NZ,2021-12-03 17:15:10
451,San Ramon,37.7799,-121.978,54.21,95,90,0.0,US,2021-12-03 17:15:10
452,Tres Arroyos,-38.3739,-60.2798,58.84,90,100,12.06,AR,2021-12-03 17:15:10
453,Cacu,-18.5567,-51.1308,88.27,50,49,4.16,BR,2021-12-03 17:16:10
454,Fare,-16.7,-151.0167,80.92,69,36,19.3,PF,2021-12-03 17:16:11
455,Dickinson,29.4608,-95.0513,78.08,81,20,5.01,US,2021-12-03 17:16:11
456,Ketchikan,55.3422,-131.6461,32.47,86,90,0.0,US,2021-12-03 17:16:11
457,Namatanai,-3.6667,152.4333,80.64,81,87,5.82,PG,2021-12-03 17:16:12
458,Maceio,-9.6658,-35.7353,90.84,58,40,19.57,BR,2021-12-03 17:16:12
459,Kiunga,-6.1219,141.2906,73.76,99,99,0.72,PG,2021-12-03 17:16:12
460,Mumbwa,-14.9783,27.0619,80.85,34,61,5.68,ZM,2021-12-03 17:16:13
461,Vila Do Maio,15.1333,-23.2167,77.79,69,34,21.03,CV,2021-12-03 17:16:09
462,Bhum,18.4667,75.6667,70.68,84,14,10.87,IN,2021-12-03 17:16:13
463,Kerouane,9.2667,-9.0167,91.6,25,66,5.99,GN,2021-12-03 17:16:14
464,Novaya Ladoga,60.1025,32.3019,21.0,94,100,13.82,RU,2021-12-03 17:16:14
465,Bathsheba,13.2167,-59.5167,86.61,66,40,17.27,BB,2021-12-03 17:16:14
466,Polyarnyy,69.1989,33.4478,5.47,94,100,2.8,RU,2021-12-03 17:16:15
467,Druzhba,52.0428,33.9453,32.09,98,100,11.3,UA,2021-12-03 17:16:15
468,Sorong,-0.8833,131.25,80.28,75,100,1.34,ID,2021-12-03 17:16:15
469,Sao Paulo De Olivenca,-3.3783,-68.8725,85.21,73,98,2.51,BR,2021-12-03 17:16:16
470,Kumluca,36.3703,30.2869,56.68,73,100,3.58,TR,2021-12-03 17:16:16
471,Jatai,-17.8814,-51.7144,85.82,54,49,2.28,BR,2021-12-03 17:16:16
472,Kaohsiung,22.6163,120.3133,62.04,69,84,3.0,TW,2021-12-03 17:13:41
473,San Patricio,28.017,-97.5169,78.93,67,89,7.72,US,2021-12-03 17:16:17
474,Puerto Escondido,15.85,-97.0667,86.83,70,1,9.22,MX,2021-12-03 17:15:09
475,Russell,32.3502,-85.1999,73.99,55,40,2.3,US,2021-12-03 17:16:17
476,Sitka,57.0531,-135.33,30.09,86,75,10.36,US,2021-12-03 17:16:17
477,Cravo Norte,6.3017,-70.2041,89.94,48,62,8.34,CO,2021-12-03 17:16:18
478,Harper,4.375,-7.7169,82.71,75,97,10.29,LR,2021-12-03 17:16:18
479,Henties Bay,-22.116,14.2845,64.85,79,9,9.93,NA,2021-12-03 17:16:18
480,Linhai,28.85,121.1167,43.93,61,71,3.0,CN,2021-12-03 17:14:22
481,Broome,42.2506,-75.833,38.17,71,90,7.0,US,2021-12-03 17:16:19
482,Penjamo,20.4333,-101.7333,66.07,34,55,4.29,MX,2021-12-03 17:16:19
483,Dera Ghazi Khan,30.0561,70.6348,64.51,24,48,2.3,PK,2021-12-03 17:16:19
484,Key Largo,25.0865,-80.4473,80.01,46,43,8.08,US,2021-12-03 17:14:13
485,Mayo,38.8876,-76.5119,54.95,47,20,8.99,US,2021-12-03 17:16:20
486,Otane,-39.8833,176.6333,64.0,94,100,2.73,NZ,2021-12-03 17:16:20
487,Grindavik,63.8424,-22.4338,30.67,93,40,13.8,IS,2021-12-03 17:16:20
488,Taloqan,36.7361,69.5345,54.81,19,100,3.49,AF,2021-12-03 17:16:21
489,Centralia,46.7162,-122.9543,40.3,80,20,3.44,US,2021-12-03 17:11:54
490,Gat,31.61,34.7642,63.81,57,100,5.7,IL,2021-12-03 17:16:21
491,Gushikawa,26.3544,127.8686,63.63,56,90,6.91,JP,2021-12-03 17:16:21
492,Lagos,6.5833,3.75,83.75,75,42,8.68,NG,2021-12-03 17:13:02
493,Tual,-5.6667,132.75,83.01,71,100,0.98,ID,2021-12-03 17:16:22
494,Gorodishche,48.8045,44.4744,41.88,75,0,13.42,RU,2021-12-03 17:16:22
495,Kruisfontein,-34.0033,24.7314,62.89,69,76,8.08,ZA,2021-12-03 17:16:22
496,Hailin,44.5833,129.4167,5.94,76,38,11.01,CN,2021-12-03 17:16:23
497,Mamontovo,52.7055,81.6244,31.55,94,100,13.94,RU,2021-12-03 17:16:23
498,Rawson,-43.3002,-65.1023,68.22,36,8,12.73,AR,2021-12-03 17:16:23
499,Ariquemes,-9.9133,-63.0408,82.0,69,100,3.42,BR,2021-12-03 17:16:24
500,Zinder,13.8072,8.9881,87.76,20,18,2.3,NE,2021-12-03 17:17:24
501,Ayorou,14.7308,0.9174,89.6,11,97,6.51,NE,2021-12-03 17:17:24
502,Taonan,45.3333,122.7833,5.11,84,6,4.14,CN,2021-12-03 17:17:25
503,Tiffin,41.1145,-83.178,40.01,93,100,4.32,US,2021-12-03 17:17:25
504,Guaymas,27.9333,-110.9,71.46,49,40,0.0,MX,2021-12-03 17:17:25
505,Bandarbeyla,9.4942,50.8122,78.57,61,2,20.56,SO,2021-12-03 17:17:26
506,Ozinki,51.1786,49.6769,38.68,83,100,17.16,RU,2021-12-03 17:17:26
507,Yulara,-25.2406,130.9889,82.24,24,1,8.05,AU,2021-12-03 17:17:26
508,Kemijarvi,66.7131,27.4306,6.51,97,84,4.03,FI,2021-12-03 17:17:26
509,Wasilla,61.5814,-149.4394,4.15,80,90,0.0,US,2021-12-03 17:13:49
510,Cambridge,43.3601,-80.3127,36.37,71,90,1.99,CA,2021-12-03 17:16:15
511,Adrar,20.5022,-10.0711,72.27,20,100,10.65,MR,2021-12-03 17:17:27
512,Finschhafen,-6.6024,147.8681,80.46,85,99,6.06,PG,2021-12-03 17:17:27
513,Kyaikkami,16.08,97.5675,77.49,71,70,7.72,MM,2021-12-03 17:17:28
514,Kipini,-2.5257,40.5262,82.69,77,73,8.97,KE,2021-12-03 17:17:28
515,Lamu,-2.2717,40.902,82.62,76,88,8.7,KE,2021-12-03 17:15:00
516,Alexandria,31.2156,29.9553,66.09,55,100,7.45,EG,2021-12-03 17:13:21
517,Ilebo,-4.3167,20.5833,77.92,73,99,0.31,CD,2021-12-03 17:14:08
518,Winterberg,51.2,8.5333,32.65,88,100,14.99,DE,2021-12-03 17:17:29
519,Carutapera,-1.195,-46.02,84.36,70,80,4.85,BR,2021-12-03 17:17:29
520,Trabzon,40.9167,39.8333,50.09,35,0,6.91,TR,2021-12-03 17:17:29
521,Charyshskoye,51.3978,83.5598,34.07,92,100,10.76,RU,2021-12-03 17:17:30
522,Tiznit,29.5833,-9.5,61.81,40,0,4.94,MA,2021-12-03 17:17:30
523,Arzgir,45.3728,44.2206,41.45,86,59,8.08,RU,2021-12-03 17:17:31
524,Campbell River,50.0163,-125.2446,34.45,97,75,5.75,CA,2021-12-03 17:17:31
525,Udankudi,8.4333,78.0167,79.92,77,97,3.51,IN,2021-12-03 17:17:31
526,Udachnyy,66.4167,112.4,-8.72,93,100,14.41,RU,2021-12-03 17:17:31
527,Umm Kaddadah,13.6017,26.6876,76.53,20,0,12.3,SD,2021-12-03 17:17:32
528,Narasannapeta,18.4167,84.05,67.8,91,100,9.15,IN,2021-12-03 17:17:32
529,Ourossogui,15.6064,-13.3211,97.72,7,73,10.89,SN,2021-12-03 17:17:32
530,Tilichiki,60.4667,166.1,21.49,82,98,15.64,RU,2021-12-03 17:17:33
531,Talnakh,69.4865,88.3972,-25.8,98,100,10.18,RU,2021-12-03 17:14:15
532,Foso,5.7012,-1.2866,86.47,59,73,5.37,GH,2021-12-03 17:17:33
533,Salinas,36.6777,-121.6555,55.83,82,90,0.0,US,2021-12-03 17:13:24
534,Cartagena,10.3997,-75.5144,87.42,70,20,3.44,CO,2021-12-03 17:17:33
535,Syracuse,37.0881,15.2792,58.59,70,100,10.2,IT,2021-12-03 17:17:34
536,Lar,26.2039,83.9717,69.89,54,98,1.43,IN,2021-12-03 17:17:34
537,Robertsport,6.7533,-11.3686,82.99,73,90,11.63,LR,2021-12-03 17:17:34
538,Klaksvik,62.2266,-6.589,34.72,65,71,7.92,FO,2021-12-03 17:17:35
539,Sept-Iles,50.2001,-66.3821,28.92,69,75,10.0,CA,2021-12-03 17:17:35
540,Leh,34.1667,77.5833,19.99,63,1,3.8,IN,2021-12-03 17:15:35
541,Fremont,37.5483,-121.9886,56.19,92,90,1.01,US,2021-12-03 17:17:35
542,Banjarmasin,-3.3244,114.591,78.94,92,93,2.44,ID,2021-12-03 17:17:36
543,Rameswaram,9.2833,79.3,81.46,73,96,9.26,IN,2021-12-03 17:17:36
544,Acapulco,16.8634,-99.8901,84.02,58,75,0.0,MX,2021-12-03 17:17:36
545,Adre,13.4667,22.2,79.54,21,0,6.96,TD,2021-12-03 17:17:37
546,Vostok,46.4856,135.8833,-6.77,98,97,4.05,RU,2021-12-03 17:17:37
547,Iranshahr,27.2025,60.6848,66.54,32,0,0.0,IR,2021-12-03 17:18:37
548,Murgab,37.4966,61.9714,42.67,65,75,11.5,TM,2021-12-03 17:18:38
549,San Andres,12.5847,-81.7006,84.22,79,75,17.27,CO,2021-12-03 17:18:38
550,Grafton,42.207,-71.6856,42.21,49,1,8.99,US,2021-12-03 17:17:22
551,Barra Do Garcas,-15.89,-52.2567,91.98,52,40,4.61,BR,2021-12-03 17:18:38
552,Forrest City,35.0081,-90.7898,69.66,71,96,12.46,US,2021-12-03 17:18:39
553,Ashland,40.8167,-82.2665,39.87,93,99,3.65,US,2021-12-03 17:13:50
554,Ilulissat,69.2167,-51.1,19.42,63,20,21.85,GL,2021-12-03 17:18:39
555,Qujing,25.4833,103.7833,45.97,88,100,2.82,CN,2021-12-03 17:18:39
556,Zamora,-4.0692,-78.9567,85.24,64,74,4.32,EC,2021-12-03 17:18:40
557,Znamenskoye,57.1281,73.8282,24.94,88,100,12.06,RU,2021-12-03 17:18:40
558,Coari,-4.085,-63.1414,75.6,92,100,1.88,BR,2021-12-03 17:18:40
